condition,class_id,activity,f1
clean,0,Walking,0.9230958533284114
clean,1,Jogging,0.93670532345955
clean,2,Sitting,0.7240618101545253
clean,3,Standing,0.9964412811387899
clean,4,Upstairs,0.5171102661596958
clean,5,Downstairs,0.6276648487853247
gaussian_005,0,Walking,0.9209910020954023
gaussian_005,1,Jogging,0.9362177250523378
gaussian_005,2,Sitting,0.7240618101545253
gaussian_005,3,Standing,0.9964412811387899
gaussian_005,4,Upstairs,0.5155951623169954
gaussian_005,5,Downstairs,0.6246305418719212
gaussian_010,0,Walking,0.9122370222830823
gaussian_010,1,Jogging,0.9344285117638869
gaussian_010,2,Sitting,0.7240618101545253
gaussian_010,3,Standing,0.9964412811387899
gaussian_010,4,Upstairs,0.5012820512820514
gaussian_010,5,Downstairs,0.602948169281978
gaussian_020,0,Walking,0.8823454103187811
gaussian_020,1,Jogging,0.929725251967417
gaussian_020,2,Sitting,0.7240618101545253
gaussian_020,3,Standing,0.7093821510297482
gaussian_020,4,Upstairs,0.47619047619047616
gaussian_020,5,Downstairs,0.5221348779478693
missing_010,0,Walking,0.8654696851418162
missing_010,1,Jogging,0.9262130347401666
missing_010,2,Sitting,0.7228381374722838
missing_010,3,Standing,0.9964412811387899
missing_010,4,Upstairs,0.47782002534854245
missing_010,5,Downstairs,0.5469634100339494
missing_030,0,Walking,0.7294938917975566
missing_030,1,Jogging,0.865460267505901
missing_030,2,Sitting,0.668235294117647
missing_030,3,Standing,0.9946524064171123
missing_030,4,Upstairs,0.33399339933993394
missing_030,5,Downstairs,0.3656895723209995
drop_x,0,Walking,0.9745462846706997
drop_x,1,Jogging,0.5901705930138099
drop_x,2,Sitting,0.9877408056042032
drop_x,3,Standing,0.9964412811387899
drop_x,4,Upstairs,0.4094955489614243
drop_x,5,Downstairs,0.4218487394957984
drop_y,0,Walking,0.09140848165238409
drop_y,1,Jogging,0.2600200400801603
drop_y,2,Sitting,0.7224669603524227
drop_y,3,Standing,0.1330492424242424
drop_y,4,Upstairs,0.10137989298789071
drop_y,5,Downstairs,0.06662395900064062
drop_z,0,Walking,0.30640124902419985
drop_z,1,Jogging,0.7677293428757319
drop_z,2,Sitting,0.9584086799276673
drop_z,3,Standing,0.5256290773532153
drop_z,4,Upstairs,0.30971993410214166
drop_z,5,Downstairs,0.18957968476357268
sampling_10hz,0,Walking,0.7736245275094498
sampling_10hz,1,Jogging,0.29975429975429974
sampling_10hz,2,Sitting,0.7240618101545253
sampling_10hz,3,Standing,0.9982238010657194
sampling_10hz,4,Upstairs,0.25437441204139233
sampling_10hz,5,Downstairs,0.2604255319148936
sampling_5hz,0,Walking,0.027137626534568166
sampling_5hz,1,Jogging,0.002886002886002886
sampling_5hz,2,Sitting,0.7189542483660131
sampling_5hz,3,Standing,0.9964539007092199
sampling_5hz,4,Upstairs,0.15732690897664187
sampling_5hz,5,Downstairs,0.03125
