condition,family,severity,accuracy,weighted_f1,macro_f1,delta_macro_f1
clean,clean,none,0.8633758922288127,0.8684183260825566,0.7875132305043828,0.0
gaussian_005,gaussian_noise,sigma=0.05,0.8618678998693073,0.8669683237393563,0.7863229204383287,0.0011903100660540789
gaussian_010,gaussian_noise,sigma=0.10,0.8534231426560772,0.8596613347562853,0.7785664743173858,0.008946756186997029
gaussian_020,gaussian_noise,sigma=0.20,0.8171307932039811,0.8284157016901568,0.7073066629348029,0.08020656756957989
missing_010,missing_packets,10%,0.8140142756610034,0.8300427607220844,0.7559575956459247,0.03155563485845814
missing_030,missing_packets,30%,0.6728661908112998,0.722112171226126,0.6595874719165251,0.1279257585878577
drop_x,channel_dropout,X axis,0.7377098622700312,0.7528411185215234,0.7300405421474543,0.057472688356928536
drop_y,channel_dropout,Y axis,0.14637579169598874,0.16795067462802707,0.22915809608295679,0.558355134421426
drop_z,channel_dropout,Z axis,0.4524982406755806,0.48253367764762145,0.5095779946744214,0.2779352358299614
sampling_10hz,lower_sampling_rate,10 Hz,0.4825575550417211,0.5315484869800812,0.5517440637400467,0.23576916676433612
sampling_5hz,lower_sampling_rate,5 Hz,0.1290841459736604,0.07648876459915324,0.32233478124540765,0.46517844925897517
