epoch,train_loss,val_loss,val_accuracy,val_weighted_f1,val_macro_f1,val_micro_f1
1,1.1558311809636688,0.6912560972846613,0.7209653092006033,0.6285964108757615,0.42143858721118493,0.7209653092006033
2,0.5160797017508264,0.43265692828960267,0.8355957767722474,0.8196819189385222,0.7575105148914426,0.8355957767722474
3,0.3358331867491097,0.2901771004338647,0.8989441930618401,0.8947954947402313,0.8583239152835415,0.8989441930618401
4,0.2535361108101047,0.3156551667201265,0.8893916540975364,0.8917837273492483,0.8587949463476562,0.8893916540975364
5,0.20075212813961174,0.18380854713110173,0.9462041226747109,0.9466923268835948,0.9259752447760845,0.9462041226747109
6,0.1720046519738003,0.1642399249886869,0.9497234791352438,0.9503716749901635,0.9331521639547495,0.9497234791352438
7,0.1446887306234872,0.14498584562378186,0.9537456008044244,0.9535965361298492,0.9395777110837091,0.9537456008044244
8,0.12776844724056266,0.12960216371937855,0.9592760180995475,0.9595361811033213,0.9466794152915329,0.9592760180995475
9,0.11504770990353196,0.12238410884983512,0.963298139768728,0.9633820202934079,0.9541483297543544,0.963298139768728
10,0.10670548752782581,0.12731106152375016,0.9592760180995475,0.9594435667877205,0.9441349912575768,0.9592760180995475
