epoch,train_loss,val_loss,val_accuracy,val_macro_f1,val_weighted_f1
1,2.361300234032745,2.2192879374239687,0.22824675324675325,0.18305437222857027,0.17984706650249632
2,1.9742341286229101,2.0756059518736207,0.3038961038961039,0.2790556759673172,0.2764755630310905
3,1.827646897962334,2.0137979793568714,0.29512987012987013,0.28381510664150705,0.281044767882647
4,1.7379841916339296,1.9460446904910744,0.31006493506493504,0.29888558555307043,0.2944455675559256
5,1.6856630843633083,1.9998127619529154,0.32646103896103895,0.3061232009122502,0.3031992976237725
6,1.646384751730162,1.910545077087464,0.3392857142857143,0.3275333683142496,0.32414361384598583
7,1.6042174067937354,1.924684384379487,0.3535714285714286,0.33253107869463705,0.32937535571987203
8,1.5868453052916762,1.8601147158499405,0.3801948051948052,0.3632671184062396,0.35960351598399837
9,1.5595341983344309,1.89147477950665,0.35633116883116883,0.3503447412008548,0.34693945198295706
10,1.539672287632857,1.8743437053789962,0.37922077922077924,0.35627839957446883,0.3541793105147173
