class_id,code,activity,f1
0,A,Walking,0.8194444444444444
1,B,Jogging,0.888888888888889
2,C,Stairs,0.5721649484536083
3,D,Sitting,0.24584717607973425
4,E,Standing,0.3735408560311284
5,F,Typing,0.045454545454545456
6,G,Brushing Teeth,0.23961661341853033
7,H,Eating Soup,0.15795586527293845
8,I,Eating Chips,0.0
9,J,Eating Pasta,0.06093189964157706
10,K,Drinking,0.09933774834437087
11,L,Eating Sandwich,0.025862068965517244
12,M,Kicking,0.5985037406483791
13,O,Playing Catch,0.33439490445859876
14,P,Dribbling,0.4876476906552095
15,Q,Writing,0.2503160556257902
16,R,Clapping,0.33798449612403103
17,S,Folding Clothes,0.43200000000000005
